video_id,video_title,published_at,view_count,like_count,comment_count,duration_seconds
TsnGd6p9oTk,Installing R and R Studio | R for Data Analytics Series,2025-06-17T12:00:48Z,2787,114,9,359.0
DsI1vG-kXR8,Best Resources to Learn Data Analytics in 2025,2025-06-10T12:00:19Z,16190,758,33,407.0
4lhPHhPkVLM,Best Resources to Learn Data Visualization in 2025,2025-06-03T12:00:19Z,10229,306,28,268.0
dkU5n0G7FRQ,Best Resources to Learn Excel in 2025,2025-05-27T12:01:27Z,11340,569,15,289.0
kagUDLvrcZ8,Best Resources to Learn Python in 2025,2025-05-20T12:01:32Z,18442,707,54,309.0
P5uJYPjUtlc,Best Resources to Learn SQL in 2025,2025-05-13T12:00:49Z,22206,824,35,371.0
dStNNjOKML4,How to Practice for General Technical Interviews | Analyst Builder,2025-05-06T12:01:11Z,4387,168,18,621.0
OQM9x6E3ojo,How to Lie with Data | Biased Data Collection,2025-04-29T12:00:46Z,3128,100,11,262.0
z39SB95JbDo,How to Lie with Data | Correlations,2025-04-22T12:01:50Z,3280,126,15,213.0
W5CQb7klLCs,How to Lie with Data | Cherry Picking Data,2025-04-15T12:00:53Z,3673,153,8,252.0
xb5-UX-jYw0,How to Lie with Data | Averages,2025-04-08T12:01:32Z,4176,216,14,407.0
V3ouFOBQP0k,How to Lie with Data | Percentages and Baseline Numbers,2025-04-01T12:00:46Z,4379,216,9,318.0
oi9W142ELN0,1 Million YouTube Play Button Unboxing!,2025-03-25T12:01:10Z,3085,236,79,460.0
5n52mlp9Ym0,Maven Analytics + Analyst Builder Lifetime Access (Ends March 31st),2025-03-24T12:00:07Z,8650,255,41,315.0
hgp91KvbJV4,How to Lie with Data | Misleading Graphs,2025-03-18T12:01:07Z,5288,281,22,326.0
1ql4kNv0_qY,Where to find the Best Healthcare Data,2025-03-11T12:00:02Z,7490,398,24,471.0
r5512UY3MTc,1 Million Subscriber Livestream!! Giveaways + Chat,2025-03-05T17:07:10Z,10277,675,68,6014.0
XuOcmjIbFGg,"Taking a look at Real Healthcare Data | ICD11, CPT, HCPCS, Claims",2025-03-04T13:00:44Z,8669,406,28,916.0
Ka2mDrKEAhg,How to Become a Healthcare Analyst in 2025,2025-02-25T13:00:21Z,27046,1343,108,1072.0
k8nBWL6K884,What is Healthcare Analytics?,2025-02-18T13:01:11Z,26802,1313,79,656.0
WpX2F2BS3Qc,What is Data Cleaning? | Data Fundamentals for Beginners,2025-02-11T13:00:47Z,22087,770,26,424.0
cd_jj0IRmaA,What is Data Collection? | Data Fundamentals for Beginners,2025-02-04T13:00:52Z,12895,511,14,283.0
OcG0B4ny1cE,What are File Types? | Data Fundamentals for Beginners,2025-01-28T13:00:34Z,9130,342,9,387.0
hXpt8zj_ajc,What are Data Types? | Data Fundamentals for Beginners,2025-01-21T13:00:55Z,10024,407,19,294.0
ItZlTixh6Bs,What are KPIs and Metrics? | Data Fundamental for Beginners,2025-01-14T13:00:34Z,17435,876,31,346.0
PEWMgtu-1e4,What is Data? | Data Fundamentals for Beginners,2025-01-07T13:00:35Z,17804,819,34,416.0
hCmEfxy-BXg,Is Big Tech Overrated in 2025? | Alex The Analyst Show Episode 28,2024-12-31T13:01:01Z,8767,303,69,2092.0
TtCBz1lutsY,Most Commonly Asked Questions by Aspiring Data Analysts,2024-12-24T13:00:39Z,14947,722,36,718.0
Ihmq-qeA5Pc,My Career Progression 7+ Years | Recreational Therapist to Data Analyst | Alex The Analyst Show 27,2024-12-17T13:30:12Z,8483,375,124,2237.0
wQQR60KtnFY,"Ultimate Data Analyst Bootcamp [24 Hours!] for FREE | SQL, Excel, Tableau, Power BI, Python, Azure",2024-12-10T05:00:49Z,570158,24174,856,84768.0
oHte3qFa-oY,"Learn AWS for Analytics in Under 2 Hours | S3, Athena, Glue, Glue DataBrew, Quicksight",2024-12-03T13:00:56Z,21616,646,37,6097.0
P7p2OZj9ewU,"Learn Azure for Analytics in Under 90 Minutes | Azure Synapse Analytics, SQL Databases, ADF + More",2024-11-26T13:00:27Z,15361,382,24,4637.0
I0vQ_VLZTWg,"Learn Power BI in Under 3 Hours | Formatting, Visualizations, Dashboards + Full Project",2024-11-19T13:00:31Z,309615,5226,176,7518.0
tnz72ywhCoo,Coding with R and AI Now on Analyst Builder!,2024-11-12T13:01:10Z,5996,186,16,501.0
j8FSP8XuFyk,"Learn Tableau in Under 2 hours | Dashboards, Relationships, Visualizations + Mini Project",2024-11-05T13:01:16Z,120798,2242,71,5410.0
zXnQNytHCPM,"Learn Excel in Under 3 Hours | Pivot Tables, Lookups, Data Cleaning",2024-10-29T12:01:19Z,67517,1721,74,9516.0
osA1QpBcxRs,Nobody cares... so just do it!,2024-10-24T12:17:57Z,18810,1836,61,36.0
Mdq1WWSdUtw,"Learn Pandas in Under 3 Hours | Filtering, Joins, Indexing, Data Cleaning, Visualizations",2024-10-22T12:00:28Z,66946,1636,50,9607.0
CZt2BUpgjgw,Free Data Analyst Bootcamp 2024,2024-10-17T11:52:50Z,12693,1042,40,31.0
t1fQBD4B7xk,"Learn Python in Under 3 Hours | Variables, For Loops, Web Scraping + Full Project",2024-10-15T12:01:10Z,46716,1297,43,9121.0
OT1RErkfLNQ,Learn SQL Beginner to Advanced in Under 4 Hours,2024-10-08T12:00:27Z,692941,15284,590,14698.0
rxyLC247h6E,AWS Quicksight | AWS Essentials,2024-10-01T12:00:58Z,21428,311,9,730.0
AycpRKyRagE,AWS Glue DataBrew and Glue | AWS Essentials,2024-09-24T12:00:16Z,9372,161,12,2732.0
K2GfrERtliU,Amazon Athena in AWS | AWS Fundamentals,2024-09-17T12:00:24Z,14516,265,10,1473.0
xmVyaT-RuVo,Alex Freberg and Ben Rogojan Livestream | Everything Data Analytics and Data Engineering,2024-09-11T03:20:13Z,5971,198,8,4516.0
amb9bciHGSI,Landing a Data Job Course on Analyst Builder,2024-09-03T12:00:05Z,23907,822,96,500.0
hgaVi4sOHkM,S3 Storage in AWS | AWS Essentials,2024-08-27T12:00:47Z,10581,198,12,878.0
YSjbGET6R1A,AWS Setup and UI Walkthough | AWS,2024-08-20T12:00:41Z,12325,289,15,441.0
vDVcXXfc9e8,Getting Started in Azure Synapse Analytics | Azure Fundamentals,2024-08-13T12:01:05Z,27093,385,14,1177.0
Vg6ys_JvXzg,August Q/A Livestream! Come Ask Me Anything!,2024-08-09T15:17:26Z,5326,223,18,5904.0
sge9qTf8GdY,Getting Started in Azure Data Factory | Azure Fundamentals,2024-08-06T12:00:57Z,34656,542,26,1471.0
9ur0OpMADuM,How to use Azure SQL Databases | Azure Fundamentals,2024-07-30T12:00:10Z,39863,701,27,826.0
UTMuL_86gSQ,Complete Data Analyst Roadmap on Analyst Builder | Become a Data Analyst Faster!,2024-07-25T12:00:34Z,56352,1604,165,367.0
sEImMaovc1Q,Blob Storage and Storage Accounts in Azure | Azure Fundamentals,2024-07-23T12:01:00Z,13362,251,11,941.0
ZYps6TmBkWk,Azure Account Setup + $200 Free Credits | Azure Fundamentals,2024-07-16T12:00:38Z,23261,490,30,397.0
zv1nfZTYpio,Building a Fully Interactive Web App using Shiny for Python,2024-07-09T12:01:07Z,14929,373,23,3592.0
rn0dSsYXhIE,Shiny for Python Components and Layouts | Customizing You Web App,2024-07-02T12:01:00Z,6064,170,13,1448.0
siHou7lObbo,Shiny for Python Setup and Install | Deploying First Shiny App,2024-06-25T12:00:53Z,13810,334,38,864.0
wJiJXD7MVoY,Is the Economy on the Brink of a Recession? | Let's Look at the Data!,2024-06-18T12:00:06Z,13746,812,133,1279.0
BzwAZ1k3WEY,Top 5 Most Common Excel Functions in Excel,2024-06-11T12:00:10Z,8979,380,9,1007.0
5q2u8__sVhs,5 Awesome Excel Functions You've Probably Never Heard Of,2024-06-04T12:00:09Z,6424,237,17,844.0
UJbNEH0_nGY,How to Create Custom Functions in Excel | Lambda Functions,2024-05-28T12:00:23Z,7450,239,11,994.0
oz2K4HUNMW4,Top 5 Most Popular Functions In Microsoft Excel,2024-05-21T12:00:53Z,16292,453,28,992.0
Y-4ri9QjsTI,Infrastructure of Analyst Builder | Entire Tech Stack | Part 3,2024-05-14T12:00:28Z,5773,90,10,2740.0
F5v2dRYU5IA,2 Hour Data Analyst Interview Masterclass | Interview Better Than The Competition,2024-05-07T15:16:53Z,107520,3358,83,7480.0
_R6K1aNtKpE,Challenges of Creating Analyst Builder | Challenges of a Startup | Part 2,2024-05-07T12:00:30Z,2545,65,11,2707.0
5tKmTdvEAVk,How We Started Analyst Builder | How We Created It | Part 1,2024-04-30T12:00:07Z,6744,215,35,1367.0
QYd-RtK58VQ,MySQL Exploratory Data Analysis | Full Project,2024-04-23T12:00:21Z,127268,2986,140,1964.0
c5ko0sedE7k,750k Subscriber Livestream! | Giveaways | Songs | Q/A,2024-04-18T18:35:41Z,5189,229,13,4996.0
4UltKCnnnTA,Data Cleaning in MySQL | Full Project,2024-04-16T12:00:05Z,305880,6603,954,3071.0
BV5ckMNNvi4,How to get Promoted as a Data Analyst | Alex The Analyst Show Episode 26,2024-04-09T12:00:08Z,9025,283,86,3374.0
QMUZ5HfWMRc,Triggers and Events in MySQL | Advanced MySQL Series,2024-04-02T12:00:19Z,112900,3614,141,882.0
7b8ViCqD9JM,How to give up on the job search fast,2024-03-27T12:19:35Z,28525,2125,33,52.0
7vnxpcqmqNQ,Stored Procedures in MySQL | Advanced MySQL Series,2024-03-26T12:00:12Z,118137,2257,77,757.0
uEk07jXdKOo,Temp Tables in MySQL | Advanced MySQL Series,2024-03-19T12:00:56Z,79794,1670,65,466.0
UC7uvOqcUTs,CTEs in MySQL | Advanced MySQL Series,2024-03-12T12:00:23Z,135925,2240,70,631.0
1KEbiqRWOkA,7 Mistakes to Avoid During Your Data Analyst Job Search,2024-03-05T13:00:01Z,19994,753,50,714.0
UOBTLzWY1vs,#DataAnalyst #AnalystBuilder #SQL,2024-03-01T13:43:29Z,22028,1517,20,38.0
8zOkBTs0yxs,Q/A Livestream | February Livestream | Ask Me Anything!,2024-02-29T17:10:18Z,5628,188,7,5697.0
7NBt0V8ebGk,Window Functions in MySQL | Intermediate MySQL,2024-02-27T13:00:08Z,157073,4226,119,809.0
FGC0cCAgGu0,Twitter making me tear up over here ðŸ¥¹,2024-02-23T13:34:27Z,7553,306,12,16.0
Vj6RqA_X-IE,Subqueries in MySQL | Intermediate MySQL,2024-02-20T13:00:32Z,131567,2136,85,661.0
RYIiOG4LsvQ,Case Statements in MySQL | Intermediate MySQL,2024-02-13T13:00:19Z,118218,2084,104,533.0
5y7tLNPVJPA,We did our best,2024-02-08T13:59:09Z,7157,240,5,9.0
_nf56aMPdZE,"Microsoft Copilot Full Review | AI in Word, PowerPoint, Excel and More!",2024-02-06T13:00:35Z,86175,1031,51,1485.0
XbDRYzYUmMo,Top 5 Emerging Trends in 2024 | CareerFoundry Webinar,2024-01-30T17:30:05Z,13450,474,10,4496.0
KRXSJb9ql1Y,String Functions in MySQL | Intermediate MySQL Series,2024-01-30T13:00:17Z,131852,2279,75,714.0
iTQW_nDp938,Unions in MySQL | Intermediate MySQL,2024-01-23T13:00:41Z,127022,2283,81,442.0
lXQzD09BOH0,Joins in MySQL | Intermediate MySQL,2024-01-16T13:00:42Z,268325,3831,168,1031.0
xtC3212t4hI,Is my background in Data Analytics?,2024-01-15T14:22:09Z,30689,2072,32,57.0
KZKizyBS9YM,Solving VERY HARD SQL Interview Questions on Analyst Builder,2024-01-11T13:00:16Z,22672,564,23,1023.0
I0_ca6iyo6w,Solving HARD SQL Interview Questions on Analyst Builder,2024-01-09T13:00:24Z,30126,619,36,1286.0
GZS7AgQ4Ksg,Hard Skills vs Soft Skills,2024-01-08T13:06:02Z,15032,1027,7,30.0
fT-8mRf_-Hk,Solving Medium SQL Interview Questions on Analyst Builder,2024-01-04T13:00:28Z,33141,730,48,744.0
ZHaYOC0H5KE,Solving Easy SQL Interview Questions on Analyst Builder,2024-01-02T13:00:25Z,60382,1341,58,738.0
K0-8G3DgjA4,How I Would Become a Data Analyst if I had to Start Over in 2024 | 6 Month Plan,2023-12-26T13:00:10Z,413864,16306,503,661.0
ZnAydTqCtFU,Limit + Aliasing in MySQL | MySQL Beginner Series,2023-12-19T13:00:24Z,136324,2612,87,237.0
qPOmj22QX04,Practice SQL and Python right on your Phone!,2023-12-13T16:12:42Z,9913,639,20,28.0
XD1ul5fpnGI,Analyst Builder Full Launch! | The Learning Platform Built for Data Analysts,2023-12-12T13:00:21Z,25041,1025,110,987.0
kifhSqep9UM,Analyst Builder Full Launch LiveStream | 20% Off Code & Giveaways,2023-12-11T19:04:05Z,12043,475,14,16464.0
dCNjUOc1cBY,Having vs Where in MySQL | Beginner MySQL Series,2023-12-05T13:00:35Z,160749,2854,51,226.0
lEjmgE-hogg,#Excel is Frustrating,2023-11-29T18:00:02Z,12338,791,11,47.0
qxj3dx0c7RM,7 Mistakes to Avoid in Your Data Analytics Job Search | CareerFoundry Webinar,2023-11-28T17:36:39Z,14274,432,11,4297.0
zgYqUP_PhQo,Group By + Order By in MySQL | Beginner MySQL Series,2023-11-28T13:00:57Z,215406,3715,85,646.0
MARn_mssG4A,Where Clause in MySQL | Beginner MySQL Series,2023-11-21T13:00:24Z,233817,3711,123,747.0
TGAUZQJaQbQ,Why Data Analysts Hate Using Excel,2023-11-14T13:00:21Z,26104,971,140,444.0
HYD8KjPB9F8,Select Statement in MySQL | Beginner MySQL Series,2023-11-07T13:00:11Z,365996,4571,167,660.0
wgRwITQHszU,Installing MySQL and Creating Databases | MySQL for Beginners,2023-10-31T12:00:54Z,1063296,13600,1420,724.0
1LG65qXfeQY,Python Beginner to Advanced in One Hour | CareerFoundry Webinar,2023-10-26T16:30:05Z,26629,991,12,4709.0
QzLz-W29Tww,How to Start a Data YouTube Channel,2023-10-24T12:00:30Z,9786,432,47,657.0
ukIUVW2E-n0,600k Livestream! | Analyst Builder Giveaways | Songs | My Mom is Joining!,2023-10-20T16:18:10Z,5159,237,11,5107.0
aofB2t5o2ao,Consulting and Freelancing in Data Analytics | ATA Show: Episode 25,2023-10-17T12:00:04Z,19576,729,264,4443.0
-DwpkgtJjGw,Data Analyst vs Business Analyst,2023-10-13T13:37:21Z,132717,7069,49,59.0
h4KTy2wxYcQ,First Look at Analyst Builder! | The All-in-One Platform for Data Analysts | Beta Launch Coming Soon,2023-10-10T12:00:36Z,32286,854,212,1311.0
LaRXtE4OG9A,#DataAnalysis #DataAnalyst #DataRealities,2023-10-09T12:11:16Z,30029,1792,27,40.0
J0PcCv9f4JQ,#DataAnalyst #DataCareers #DataAnalysis,2023-10-05T12:13:45Z,17358,1301,32,58.0
_DGn-7134i0,"Data Analyst vs Data Engineer | Responsibilities, Salaries, Skills, Education",2023-10-03T12:00:26Z,37520,813,44,386.0
EflE8U30pBo,Data Analyst Q/A Livestream | September Livestream | Ask Me Anything!,2023-09-28T16:09:03Z,8997,284,21,5621.0
j_sHaBJEHMk,#Salary #DataAnalyst #SalaryNegotiation,2023-09-28T12:37:36Z,14205,968,7,55.0
xuyKzpJ2SaY,AI and Analytics with SAS | SAS Explore Recap,2023-09-26T12:00:49Z,23527,502,31,179.0
D0mEy6bJ2lA,My Very First Video,2023-09-25T13:13:18Z,9415,500,29,23.0
GaoAc3-hScQ,#DataAnalyst #CareerPath,2023-09-22T11:45:01Z,66234,4197,30,52.0
bxIF9X9k2IE,"Data Analyst vs Data Scientist | Responsibilities, Salaries, Skills, Education",2023-09-19T12:00:34Z,47807,1173,54,673.0
z_xWpa88R0A,#Excel #DataAnalyst #DataAnalysis,2023-09-18T11:38:11Z,16754,1251,21,56.0
7PoZBuIUnEU,"Data Analyst vs Business Analyst | Responsibilities, Salaries, Skills, Education",2023-09-12T12:00:07Z,47323,1645,101,294.0
fq1-e-GbihE,#DataAnalysis #DataAnalyst,2023-09-07T11:57:32Z,20768,1484,23,53.0
Xkb6h3YXl_c,Hard Skills vs Soft Skills in the Data World | Which is More Important?,2023-09-05T12:00:34Z,15743,702,30,582.0
qDprq7Xbrqw,"Entry Level vs Mid Level vs Senior Level Data Analyst | Responsibilities, Salary, Education, Skills",2023-08-29T04:00:33Z,45163,1948,112,323.0
UOHxb9ndpMM,#DataAnalyst #DataAnalysis #Promotion,2023-08-28T11:53:52Z,10907,633,10,51.0
_h_A_n8Z9QQ,#DataAnalyst #DataAnalysis,2023-08-24T11:53:05Z,20828,1396,54,60.0
_oCUSMX4_3k,Regular Expression Use Cases in Python,2023-08-22T12:00:35Z,11251,266,21,767.0
OnS01G8W6nw,Data Analyst Q/A Livestream | August Livestream | Ask Me Anything!,2023-08-18T14:23:24Z,8507,321,25,4365.0
ugkyfUTc6AU,#DataAnalystSalary #DataAnalysis,2023-08-17T12:35:34Z,49549,3518,48,54.0
eON-PNPae8Y,How to Work with Recruiters on LinkedIn,2023-08-15T12:00:34Z,48959,2334,89,467.0
41nX2ZgGzcE,#dataanalysis #dataportfolio,2023-08-14T12:12:00Z,36366,2993,25,60.0
Le35Qsgs2lM,#wife #careerchange #dataanalysis,2023-08-11T13:13:22Z,20894,1941,52,59.0
nufF-juSZxU,LINK: https://www.youtube.com/playlist?list=PLUaB-1hjhk8FE_XZ87vPPSfHqb6OcM0cF,2023-08-09T13:11:45Z,8188,747,44,37.0
9NB5u17qiDY,Regular Expression Character Classes in Python,2023-08-08T12:00:05Z,13981,238,13,638.0
YDvJqgBv0Uc,#Recruiters #dataanalysis #data,2023-08-03T11:56:30Z,17004,1156,24,58.0
j6A28L6Tmxw,Regular Expression Metacharacters in Python,2023-08-01T12:00:26Z,12585,309,9,1203.0
W_s4c1vLGXM,How much do Data Analysts make? #dataanalyst #dataanalystsalary,2023-07-31T13:07:06Z,21951,838,45,46.0
DWte9zjGl0I,Do you need to learn SQL if you can do everything in Python?  #Python #dataanalysis #SQL,2023-07-28T12:48:19Z,60731,3329,47,51.0
EzeeypMKx7o,Regular Expression Methods in Python,2023-07-25T12:00:19Z,21692,445,14,517.0
OISvlkfbntY,What are Hiring Managers Looking For? | Nail the Interview Process!,2023-07-18T12:00:17Z,42697,1528,73,822.0
8dTpNajxaH0,Scraping Data from a Real Website | Web Scraping in Python,2023-07-11T12:00:07Z,660812,11723,465,1523.0
oreAsJTNcsA,SQL Beginner to Advanced in One Hour | CareerFoundry Webinar,2023-07-06T17:20:05Z,236475,6621,120,4108.0
xjA1HjvmoMY,Find and Find_All | Web Scraping in Python,2023-07-04T12:00:49Z,90005,2284,42,730.0
LO7hzmoHEIE,500k Livestream!!,2023-06-28T17:11:25Z,6281,383,24,6232.0
bargNl2WeN4,BeautifulSoup + Requests | Web Scraping in Python,2023-06-27T12:00:28Z,216198,3781,77,418.0
q-kbzWjyPak,Inspecting Web Pages with HTML | Web Scraping in Python,2023-06-20T12:00:43Z,86339,2099,40,355.0
PExdWWcxmro,Best Places to Find Datasets for Your Projects,2023-06-13T12:00:16Z,221442,5477,98,464.0
Liv6eeb1VfE,Exploratory Data Analysis in Pandas | Python Pandas Tutorials,2023-06-06T12:00:14Z,192368,4289,243,1933.0
fHK4nHbUtj0,Data Analyst Q/A Livestream | May Livestream | Ask Me Anything!,2023-05-30T16:34:20Z,10267,363,20,5548.0
5l2d_Rv0odE,What is Microsoft Fabric? | New Data Analytics Platform!,2023-05-29T12:00:07Z,320373,5961,165,443.0
bDhvCp3_lYw,Data Cleaning in Pandas | Python Pandas Tutorials,2023-05-23T12:30:17Z,431637,10158,482,2317.0
IMU1V-JugKo,The Ultimate Data Analytics Career Plan for 2023 | CareerFoundry Webinar,2023-05-16T16:18:56Z,59010,1880,52,4248.0
FpgkpjSyBOw,State of AI in Analytics | Will AI be the End of Data Analysts?,2023-05-15T12:30:11Z,46575,1380,377,4352.0
6jtS3Hz19kc,Google Bard Got An Upgrade! + Google's New AI Announcements!,2023-05-12T12:15:00Z,33383,799,80,521.0
JpSMse3eVVg,Creating Visualizations using Pandas Library | Python Pandas Tutorials,2023-05-09T11:30:06Z,95314,2086,47,1010.0
TPivN7tpdwc,Merging DataFrames in Pandas | Python Pandas Tutorials,2023-05-02T12:06:33Z,151083,3240,83,1329.0
kky9MMydnOA,Data Analyst Q/A Livestream | April Livestream | Ask Me Anything!,2023-04-27T16:32:02Z,10324,338,27,5944.0
2izXQUoXyjA,How to Integrate ChatGPT in Jupyter Notebooks for Free!,2023-04-25T11:30:01Z,65618,1250,59,481.0
zilfrWwbteQ,7 Ways to Use ChatGPT for Analytics | Webinar,2023-04-18T16:18:50Z,39368,1078,31,4135.0
PJINexERxOs,Google Business Intelligence Professional Certification Review,2023-04-18T11:30:08Z,46648,1262,74,424.0
gTf2GLEhKgA,Google Advanced Data Analytics Professional Certificate First Look | Is it Worth it?,2023-04-10T11:30:21Z,159999,4522,411,695.0
VRmXto2YA2I,Group By and Aggregate Functions in Pandas | Python Pandas Tutorials,2023-04-04T11:30:10Z,121489,2925,135,665.0
6yNsc7JVPJE,Top 5 Biggest Mistakes Beginner Data Analysts Make,2023-03-28T11:30:04Z,39757,1798,82,534.0
mBCG9J1TVTc,Indexes in Pandas | Python Pandas Tutorials,2023-03-21T11:30:30Z,76675,1718,52,682.0
WizLaDdsHUs,Create the Perfect Data Analyst Resume | Free Templates!,2023-03-14T11:30:10Z,234717,6361,252,1057.0
kB7FV-ijdqE,Filtering Columns and Rows in Pandas | Python Pandas Tutorials,2023-03-07T12:30:30Z,123965,2558,69,709.0
dFA0E-6xT_M,Data Analyst Q/A Livestream | March Livestream | Ask Me Anything!,2023-03-02T16:27:46Z,11212,392,33,5296.0
dUpyC40cF6Q,Reading in Files in Pandas | Python Pandas Tutorials,2023-02-28T12:30:18Z,251944,4083,118,1157.0
gs0FNQR0njI,Building an Automated File Sorter in File Explorer using Python | Python Projects for Beginners,2023-02-21T12:32:29Z,82168,1793,96,1011.0
C75TROiiEa0,ChatGPT for Data Analysts | Best Use Cases + Analyzing a Dataset,2023-02-14T12:30:08Z,448946,8310,221,1867.0
rGx1QNdYzvs,FREE Data Analyst Bootcamp!!,2023-02-07T12:30:11Z,2048556,48526,1851,412.0
CUBfrdDwznQ,How to Become a Data Analyst in 2023 (Completely FREE!),2023-01-31T12:30:06Z,1365577,44553,1354,839.0
L-QnW_BZT3c,Live Portfolio Review with Alex the Analyst!  | Live Webinar,2023-01-25T17:14:49Z,17809,632,23,4217.0
S76iS03nGis,DIY Data Analyst Curriculum using Udemy (Under $75),2023-01-24T12:30:13Z,41517,1477,121,769.0
RBEgsEVO3T8,Reviewing Maven Analytics Free Portfolio Website,2023-01-17T12:30:08Z,28719,836,49,1356.0
gCG07l6Fu-U,5 Study Hacks for Beginner Data Analysts! | Live Webinar,2023-01-16T17:25:08Z,46628,1356,36,4650.0
DXwFsxCtukg,DIY Data Analyst Curriculum using Coursera in 2023,2023-01-10T12:30:03Z,65461,3024,222,752.0
ey1VNjU0YbM,Building a BMI Calculator with Python | Python Projects for Beginners,2023-01-03T12:30:12Z,102004,2067,91,863.0
0MKcCHrTo0c,"Reading, Writing, and Appending Files in Python | Python for Beginners",2022-12-27T13:00:00Z,12087,324,13,564.0
bVJfQAe-UP4,Why I Quit my 125k Analytics Job,2022-12-20T12:00:33Z,158196,8710,858,463.0
_2OknmkngkQ,Data Analyst Q/A Livestream + Special Guest! | December Livestream,2022-12-17T14:16:05Z,5110,166,15,4968.0
B63bN2cLVLM,Converting Data Types in Python | Python for Beginners,2022-12-13T12:00:06Z,60433,1577,40,396.0
zvzjaqMBEso,Functions in Python | Python for Beginners,2022-12-06T12:00:36Z,98008,2133,43,764.0
ECduJk00mUU,While Loops in Python | Python for Beginners,2022-11-29T12:00:07Z,95023,2278,36,340.0
zmIdC0_0BgY,For Loops in Python | Python for Beginners,2022-11-22T12:00:48Z,87249,1921,34,557.0
eP8-mo5jRrY,Data Analyst Q/A Livestream | November Livestream,2022-11-16T02:06:22Z,6311,199,18,3737.0
-BOBedcjySI,If Else Statements in Python | Python for Beginners,2022-11-15T12:00:00Z,73324,1769,32,400.0
lPVke-p4S7s,"Comparison, Logical, and Membership Operators in Python | Python for Beginners",2022-11-08T12:00:35Z,73604,1815,22,435.0
ppsCxnNm-JI,Data Types in Python | Python for Beginners,2022-11-01T11:00:37Z,172072,3789,86,1318.0
rVhHGPDzEck,Data Analyst Q/A Livestream | October Livestream,2022-10-31T01:22:29Z,5745,181,11,4498.0
pHOH7UfOhbE,Variables in Python | Python for Beginners,2022-10-25T11:00:27Z,160561,3331,80,797.0
sXHIIW3Wt84,300k Livestream! | Giveaways for People in Chat | Bring Your Wine,2022-10-19T10:56:23Z,5278,243,21,5064.0
WUeBzT43JyY,Installing Jupyter Notebooks/Anaconda | Python for Beginners,2022-10-18T11:00:30Z,522744,7459,203,603.0
DVs9u15htXU,Interviewing Tina Huang | Fellow YouTuber and Data Enthusiast,2022-10-13T11:00:07Z,9674,333,21,1326.0
zW3qJUeJLWc,Interviewing Luke Barousse | Arch-Nemesis and Fellow YouTuber,2022-10-11T11:00:42Z,7653,335,31,1466.0
m1AkWK_ODLM,When Best Friends Work Together (ft. Luke Barousse),2022-10-04T10:30:09Z,16246,693,84,335.0
Pfq-8pGzgg4,Data Analyst Live Stream | Riding out Hurricane Ian,2022-10-01T01:48:31Z,6794,212,8,5588.0
pixlHHe_lNQ,Full Power BI Guided Project | Microsoft Power BI for Beginners,2022-09-27T10:30:19Z,554011,10193,538,2557.0
3NV5Jtbhfcw,Popular Visualizations in Power BI | Microsoft Power BI for Beginners,2022-09-20T10:30:00Z,169868,3524,76,854.0
1cfrQLoJMPI,"Guided Portfolio Projects on Coursera | Python, SQL, Excel, Power BI, and Tableau",2022-09-13T10:30:00Z,60355,2176,96,501.0
9j_EBt3RNrs,How to use Bins and Lists in Power BI | Microsoft Power BI for Beginners,2022-09-06T10:30:02Z,142037,2965,58,571.0
m0h3Ghl6mgY,How to use Conditional Formatting in Power BI | Microsoft Power BI for Beginners,2022-08-30T10:30:10Z,234573,3494,67,594.0
50D__p6jdEI,Top 8 Mistakes Beginner Data Analyst's Make | CareerFoundry Webinar,2022-08-24T16:15:29Z,77579,2069,78,4249.0
tRCGGlMI19M,Interviewing Ken Jee | The Face of Data Science on YouTube,2022-08-23T10:30:19Z,7413,257,15,1735.0
0QZBnhofU_U,CareerFoundry Data Analytics Bootcamp Review | Bootcamp + Intro + Free Course Review,2022-08-16T10:30:00Z,28822,676,130,1361.0
ulFY20KTzFQ,How to use Drill Down in Power BI | Microsoft Power BI for Beginners,2022-08-09T10:30:11Z,277456,4575,94,362.0
PEc29sRZoTM,"Best Courses for Alternative Analyst Jobs | Marketing Analyst, Business Analyst, Financial Analyst",2022-08-02T10:30:05Z,20885,876,75,566.0
DlEkWd-8VXA,250k Subscriber Live Stream!!,2022-07-26T13:19:48Z,4168,156,11,4539.0
vcijg0gUXSg,How to use DAX in Power BI | Microsoft Power BI for Beginners,2022-07-26T10:30:12Z,299784,5535,232,944.0
gCg47n_TlFc,Tech Layoffs and Hiring Freezes | The Great Resignation | Alex The Analyst Show | Episode 23,2022-07-19T10:30:06Z,22051,613,123,2954.0
sW5LoDA1ssM,How to Create and Manage Relationships in Power BI | Microsoft Power BI for Beginners,2022-07-12T10:30:22Z,380337,6200,158,516.0
4nsdARJGzJ0,Machine Learning Specialization on Coursera | Review,2022-07-05T10:30:01Z,26380,815,63,895.0
_QvQxm4dptI,Meta Marketing Analytics Professional Certificate on Coursera | Review,2022-06-28T10:30:07Z,39553,1008,105,1146.0
HX2TabgkzHo,Google's Secret Hiring Platform | Found in the Google Data Analytics Certification,2022-06-21T10:30:09Z,45762,1640,132,612.0
gP-AxNi6uxo,How to use Power Query in Power BI | Microsoft Power BI for Beginners,2022-06-14T10:30:08Z,502268,7521,124,787.0
KB2CtEDrglY,Automating Crypto Website API Pull Using Python | Data Analyst Project,2022-06-07T10:30:10Z,84294,1376,124,3074.0
2HfSFdPEFRg,How to use a Public API | Using a Public API with Python,2022-05-31T10:30:01Z,62319,1859,91,841.0
g0m5sEHPU-s,How to Install Power BI | Building First Visualization | Microsoft Power BI for Beginners,2022-05-24T10:30:06Z,755699,12197,315,770.0
Q7i6zxHVj2Q,MySQL vs Postgresql vs Microsoft SQL Server Management Tools | Which Option is Best?,2022-05-17T10:30:06Z,163211,3316,286,965.0
ddn-2r1j_OU,Top 3 Tips to Stop Procrastinating to be Successful,2022-05-10T10:30:05Z,33551,1673,155,400.0
Pf-9pjJK1e0,SQL vs NoSQL | What's the Difference?,2022-05-03T10:30:03Z,65935,1930,67,355.0
-bSkREem8dM,Database vs Data Warehouse vs Data Lake | What is the Difference?,2022-04-26T10:30:00Z,932447,23945,339,322.0
xKdtP3IZbnU,How I Manage My Time Working 60+ Hours Per Week | Alex The Analyst Show | Episode 22,2022-04-20T10:30:09Z,11992,325,160,2610.0
GsAXOr715AU,200k Livestream! | Shaving | Puppies | Giveaway,2022-04-14T13:29:42Z,3184,133,11,4892.0
2JnlQ8jwWbE,Things I HATE About Being a Data Analyst,2022-04-12T10:30:00Z,36617,1515,200,634.0
hNTNZ00cZig,Best Website to Practice Technical Interview Questions,2022-04-05T10:30:07Z,20288,687,56,1305.0
gz2j5NBESSs,Pros and Cons of Working Remote | Alex The Analyst Show | Episode 21,2022-03-29T10:30:17Z,7173,276,159,2930.0
opJgMj1IUrc,Full Project in Excel | Excel Tutorials for Beginners,2022-03-22T10:30:15Z,1024264,21184,1187,2450.0
yRWkSKRYCaI,Top 5 Non-Technical Skills for Data Analysts,2022-03-15T10:30:18Z,22246,820,72,990.0
_jmiEGZ6PIY,Cleaning Data in Excel | Excel Tutorials for Beginners,2022-03-01T11:30:14Z,687966,13838,344,1264.0
4A8LV6fObYA,Tableau Data Analyst Certification Review,2022-02-22T11:30:01Z,71372,1670,129,769.0
MPENhkuSo0Q,Job Title Alternatives for Data Analysts,2022-02-15T11:30:07Z,26548,1022,94,732.0
3irO29PJQHs,Best Coursera Courses for Data Analysts in 2022,2022-02-08T11:30:01Z,124436,5831,219,572.0
uHJFJUIYNAo,Understanding Your Data Analyst Salary Offer | What To Know Before Accepting,2022-02-01T11:30:10Z,21167,720,61,450.0
gMAHXrty6wI,Charts in Excel | Excel Tutorials for Beginners,2022-01-25T11:30:18Z,181909,4337,90,911.0
BIUFr9srS78,How I became a Data Analytics Manager | Alex The Analyst Show | Episode 20,2022-01-18T11:30:02Z,23485,864,361,2944.0
_eZRkmRfVTM,Conditional Formatting in Excel | Excel Tutorials for Beginners,2022-01-11T11:30:08Z,251955,5138,124,1259.0
s3JmRxs53W4,150k Subscriber Livestream!!,2022-01-10T14:59:31Z,3497,159,7,5138.0
yDG5KiiOZcQ,How To Become A Data Analyst In 2022,2022-01-04T11:30:11Z,498373,21914,630,780.0
Z7hPEwCzk2s,XLOOKUP in Excel | Excel Tutorials for Beginners,2021-12-28T11:30:06Z,303974,6171,248,1127.0
XRPyj7cKVsQ,Formulas in Excel | Excel Tutorials for Beginners,2021-12-21T11:30:07Z,495793,10179,507,2034.0
lH7HfwUFnYA,Pivot Tables in Excel | Excel Tutorials for Beginners,2021-12-14T11:30:07Z,985228,19463,459,1055.0
zOR0-nygfDE,Full Beginner Project in Tableau | Tableau Tutorials for Beginners,2021-12-07T11:30:11Z,344911,6599,502,2658.0
A4SVUF-fTwc,How to use Joins in Tableau | Tableau Tutorials for Beginners,2021-11-23T11:30:02Z,173339,4428,72,869.0
FnTunxd8tAM,Top 5 Major Red Flags in Job Descriptions,2021-11-18T11:30:08Z,18448,957,71,421.0
-_z_aphWSEo,Truth About My Job (Song) - As a Data Analyst,2021-11-08T11:30:01Z,11188,895,105,198.0
pL0jEjeM5hI,How to Grow Your Analytics Career | Alteryx Webinar Oct 2021 | Tips to Break Into Analytics,2021-10-26T10:00:23Z,11442,343,34,1220.0
eg_5EAUXs5o,Choosing a Domain to Make More Money,2021-10-19T10:00:16Z,20722,992,77,521.0
ebjDwX8sUMk,How to Create Visualizations in Tableau | Tableau Tutorials for Beginners,2021-10-05T11:30:14Z,215058,4665,214,845.0
f6qxxtWkaUg,How to use Calculated Fields and Bins in Tableau | Tableau Tutorials for Beginners,2021-09-28T11:30:07Z,277768,5722,101,385.0
6xv1KvCMF1Q,How to Install Tableau and Create First Visualization | Tableau Tutorials for Beginners,2021-09-21T11:30:01Z,889288,19581,446,1024.0
465x3JmMJYU,How NOT to Become a Data Analyst (Funny?),2021-09-07T11:30:01Z,17499,711,114,291.0
Ns1ZpTxQnUE,100k Subscriber Play Button Unboxing,2021-08-31T11:30:04Z,2685,238,96,396.0
HiOtQMcI5wg,Amazon Web Scraping Using Python | Data Analyst Portfolio Project,2021-08-24T11:30:01Z,311107,6813,704,2834.0
CUa30M_FPhk,Interviewing with PwC for a Senior Data Analyst Position,2021-08-17T11:30:01Z,99763,2633,157,1389.0
DKrSgSy6F1o,100k Livestream | Announcing Giveaway Winners | Trimming Mustache | Answering Questions,2021-08-13T14:38:59Z,4749,191,26,3728.0
_zxPx1PQCqI,I Am No Longer a Data Analyst | Turning Down PwC | New Job,2021-08-11T11:30:05Z,143348,4395,481,959.0
UGF49YZZRNc,When To Start Applying To Your First Data Analyst Job,2021-07-21T11:30:04Z,92334,4811,244,251.0
aLp-6C-p-T0,Why You Need to Stop Taking Courses (From an Ex-Course Addict),2021-07-13T11:30:00Z,130954,5623,362,211.0
ocdwh0KYeUs,How to Create a Portfolio Website for FREE,2021-06-29T11:30:13Z,749141,16410,833,2129.0
iPYVYBtUTyE,Data Analyst Portfolio Project | Correlation in Python | Project 4/4,2021-06-22T11:30:05Z,201294,3451,527,3645.0
dMHWOhgzUhU,How To Get a Data Analyst Job (with No Experience),2021-06-08T11:30:12Z,492243,21014,610,457.0
A-LkxegXFX8,My Wife Answers Subscribers Questions About Me | Alex The Analyst Show | Episode 19,2021-06-03T11:30:01Z,6435,244,108,1585.0
RJw-GSXXguA,Favorite Tableau and Power BI Courses on Udemy,2021-06-01T11:30:03Z,34186,882,86,623.0
8rO7ztF4NtU,Data Analyst Portfolio Project | Data Cleaning in SQL | Project 3/4,2021-05-25T11:30:01Z,455357,8428,887,3284.0
QILNlRvJlfQ,Data Analyst Portfolio Project | Tableau Visualization | Project 2/4,2021-05-18T11:30:04Z,412490,6387,470,3137.0
SVv0WwPzaUg,Asking My Family What I Do For a Living,2021-05-11T11:00:08Z,3777,195,55,757.0
qfyynHBFOsM,Data Analyst Portfolio Project | SQL Data Exploration | Project 1/4,2021-05-04T11:00:31Z,2178266,37103,4380,4629.0
m1KcNV-Zhmc,Advanced SQL Tutorial | Subqueries,2021-04-20T11:00:32Z,433738,9196,245,517.0
IZRe0nwkuXc,Data Analyst Q/A #6 | Why Am I Not a Data Scientist?,2021-04-15T11:00:06Z,22433,819,147,1145.0
9RRQtNnq3s0,Google vs IBM Data Analytics Certificates | Which is Better?,2021-04-13T11:00:04Z,371337,12470,630,358.0
qewHAdfzLOw,Data Analyst Reacts: How to Go From Data Analyst to Data Scientist,2021-04-06T11:00:12Z,28356,964,85,748.0
bHssBHfHWmU,Laptops for Data Analysts |  Specifications + Recommendations,2021-03-30T11:00:18Z,202586,4270,329,930.0
A4OVjWeVb10,Best Machine Learning Courses on Coursera,2021-03-23T11:00:02Z,63260,1862,83,399.0
SIseim20_Dc,Will Data Analysts Be Automated? | Alex The Analyst | Episode 18,2021-03-18T11:00:08Z,16489,482,117,1687.0
NrBJmtD0kEw,Advanced SQL Tutorial | Stored Procedures + Use Cases,2021-03-16T11:00:07Z,494092,8396,203,375.0
wnapnTAMj68,Google Data Analytics Professional Certificate | It's Finally Here!,2021-03-12T12:00:17Z,371045,11206,1169,874.0
duMcYRtQITA,Google Data Analytics Certificate | Coming Out Soon!,2021-03-04T12:15:01Z,51810,2358,315,464.0
QG1fo7LFesA,Reviewing Your Data Analyst Resumes | Part 2,2021-03-02T12:00:08Z,25011,586,77,2436.0
pYRG5X7110M,Best Course to Learn Statistics for Data Analysis,2021-02-25T12:00:13Z,127082,3080,93,372.0
NViKsiGP4TY,DataQuest Review | Is it Worth it?,2021-02-23T12:00:19Z,25644,431,46,1040.0
1gdKC5O0Pwc,R vs Python | Which is Better for Data Analysis?,2021-02-16T12:00:00Z,239085,5241,412,711.0
GQj6_6V_jVA,Advanced SQL Tutorial | String Functions + Use Cases,2021-02-04T12:00:04Z,189743,4627,156,829.0
RF0LE3hYFrI,Advanced SQL Tutorial | Temp Tables,2021-02-02T12:00:13Z,273758,5888,147,619.0
8o-O6pR6yAE,IBM Data Analyst Certificate Study Session,2021-01-30T15:33:41Z,5314,173,22,4910.0
eFDbE5Yunj0,IBM Data Analyst Professional Certificate by Coursera | Is it Worth it?,2021-01-26T12:00:22Z,134730,3299,308,446.0
D9bNctNnAig,DataCamp Review | Is it Worth it?,2021-01-21T12:00:03Z,207745,4222,272,975.0
VsztBAEtC7c,Best Python Course for Data Analysts,2021-01-19T12:00:09Z,56307,1386,119,518.0
T3KMZoXrVTQ,Top 5 Data Analyst Skills,2021-01-12T12:00:07Z,34937,1406,172,351.0
tJaDicmRW7s,Best Industries for Data Analysts in 2021 | Alex The Analyst Show | Episode 17,2021-01-07T12:00:28Z,15507,499,146,1665.0
hfRcaRw_atI,Top 5 Data Analyst Interview Mistakes,2021-01-05T12:00:10Z,105756,2600,73,328.0
aPDOGxrONy0,2020 Year End Review + Upcoming Giveaway Details,2020-12-31T12:00:01Z,1584,140,101,217.0
w25ZjL0OqT4,Data Analyst Resume | Everything You Need to Know | Alex The Analyst Show | Episode 16,2020-12-24T12:00:19Z,42252,1208,137,3086.0
EWPeAXrF3zg,Solving Medium Level SQL LeetCode Questions | Part 2/3,2020-12-22T12:00:04Z,12100,251,33,1286.0
ru0Xdvxd37Q,Entry vs Mid vs Senior Level Data Analyst | Alex The Analyst Show | Episode 15,2020-12-17T12:00:12Z,47425,1554,211,1600.0
BAVPAYWAoC4,Data Engineer vs Data Analyst | Which Is Right For You?,2020-12-15T12:00:08Z,87078,2828,147,399.0
whgwEwA5SHU,How to Find Out Your Coworkers Salary | Alex The Analyst Show | Episode 14,2020-12-10T12:00:30Z,3122,97,54,1571.0
K1WeoKxLZ5o,Advanced SQL Tutorial | CTE (Common Table Expression),2020-12-08T12:00:05Z,399481,6251,196,224.0
0HRgbb1PcDQ,"Data Analyst Salary (Expectations, Bonuses, 401K, ESPP) | Alex The Analyst Show | Episode 13",2020-12-03T12:00:00Z,23285,739,188,1628.0
D6XNlTfglW4,Intermediate SQL Tutorial | Partition By,2020-12-01T12:04:43Z,308471,6898,205,254.0
MQ5UUNjWgug,Data Analyst Q/A LIVE #5 | AMA,2020-11-28T17:07:30Z,4905,131,18,5371.0
JikLVP9DkPs,Completely REALISTIC Jobs on LinkedIn | Alex The Analyst Show | Episode 12,2020-11-25T11:00:05Z,24876,884,162,1603.0
yzqpYs7dIqY,Completely Unrealistic Jobs on LinkedIn | Alex The Analyst Show | Episode 11,2020-11-19T15:00:26Z,14667,571,207,1329.0
7uH7_DThtX0,Top 3 Tips on Using LinkedIn to Land a Job,2020-11-17T14:11:52Z,346814,12201,252,410.0
GGLF2jLo8J4,What is No Code Analytics? | Alex The Analyst Show | Episode 10,2020-11-12T12:34:08Z,3928,122,81,1355.0
BGBXnNvWdQ4,Solving LeetCode SQL Interview Questions | Part 1/3,2020-11-10T15:02:50Z,27553,701,66,1633.0
PurMLMKNX0I,What is Analytics Consulting? With John Ariansen | Alex The Analyst Show | Episode 9,2020-11-05T15:43:17Z,13947,396,118,3236.0
pvxNYyJuiqA,Data Analyst Skills Path | What Skills You NEED to Know,2020-11-03T15:13:12Z,77963,3607,270,286.0
rZpfNh28nFI,Data Analyst Q&A LIVE #4,2020-10-30T15:13:53Z,3563,104,25,4151.0
brxnKIy6Cek,Asking My Wife Your Questions About Me | Alex The Analyst Show | Episode 8,2020-10-27T16:06:53Z,14505,564,223,1775.0
ySq0cgkZiX4,Top 10 Udemy Courses for Data Analysts,2020-10-22T15:14:21Z,195475,5193,304,657.0
aJ9Q10v8Nrc,Data Analyst Certifications | Are They Worth It? | Alex The Analyst Show | Episode 7,2020-10-20T14:08:32Z,180169,6203,985,1997.0
C2ik_qR5GOU,Working at a Startup vs Fortune 500 Company | Alex The Analyst Show | Episode 6,2020-10-15T15:33:32Z,4855,180,74,1762.0
mLUzFXPPa4I,Top 10 Coursera Courses for Data Analysts,2020-10-13T14:40:18Z,115223,4904,288,633.0
XmFhpoS6Etk,Imposter Syndrome in Tech | Alex The Analyst Show | Episode 5,2020-10-08T14:26:27Z,7614,373,176,1556.0
1xT68oeQTd0,Data Analyst Expectations vs Reality,2020-10-06T14:52:33Z,75974,2796,187,236.0
eTsHJoMmhYQ,Covid and the Data Analyst Job Market | Alex The Analyst Show | Episode 4,2020-10-01T13:53:17Z,7378,254,161,1566.0
8SolrjsGqzE,Self Taught vs Boot Camp vs Degree | Alex The Analyst Show | Episode 3,2020-09-24T15:29:17Z,45864,1523,717,1680.0
SKsjWzzz4mY,Top 5 Reasons You'll Be a Good Data Analyst,2020-09-22T13:03:29Z,14881,618,82,224.0
Z2AachB309o,How I Changed Careers to Become a Data Analyst | Alex The Analyst Show | Episode 2,2020-09-10T13:16:00Z,418299,12167,3822,2454.0
_gP-DH0iZLw,Top 5 Reasons Data Analytics is a Good Career Choice,2020-09-08T14:15:55Z,44768,1315,73,173.0
-Inc1be4zSg,The Hiring Process from an Interviewer's Perspective | Alex The Analyst Show | Episode 1,2020-09-03T15:38:28Z,22328,708,85,1624.0
CsMh7Ykmnw4,Top 5 Reasons Not to Lie on Your Resume,2020-09-01T12:29:45Z,12534,211,119,237.0
ho2vzKPAD50,Live Data Analyst Q&A #3,2020-08-29T14:37:52Z,3106,100,43,3738.0
5MZo2RoS8Yo,Data Analyst Career Path | How to Become a Data Analyst + What to Do Next,2020-08-20T13:46:16Z,131652,4651,270,522.0
M2ySRYpo9S0,Top 5 Reasons Not to Become a Data Analyst,2020-08-12T14:52:19Z,927313,19755,1047,318.0
ncXgqGePvwI,Data Analyst Bootcamps | Are They Worth It?,2020-08-05T13:14:01Z,35261,581,93,346.0
ywZXpfdqg1o,What Does a Data Analyst Actually Do?,2020-07-29T13:48:00Z,1048819,20176,515,258.0
IqQCBytyATo,Data Analyst Question and Answer | Answering Your YouTube Questions,2020-07-22T14:35:55Z,4953,179,67,349.0
MpIi4HtCiVk,Scraping Data Off Twitter Using Python | Twitterscraper + NLP + Data Visualization,2020-07-15T14:00:20Z,55449,1391,158,402.0
G4syHs3M82E,Data Analyst vs Business Analyst | Which Is Right For You?,2020-07-03T14:17:52Z,792552,19886,591,280.0
appOFpF2pFg,Best Free Online Courses for Data Analysts,2020-06-23T13:55:50Z,58092,2758,95,299.0
B2SPC3Wz1R8,Best Online Courses for Data Analysts,2020-06-17T14:57:22Z,188435,9580,426,525.0
fUpChfNN5Uo,Data Scientist vs Data Analyst | Which Is Right For You?,2020-06-10T15:49:15Z,796578,24396,861,467.0
Dk7he_yEs4U,Intermediate SQL Tutorial | Aliasing,2020-06-04T14:00:10Z,155892,4102,105,372.0
LJtFgnHGAos,Data Analyst Q&A LIVE,2020-05-31T13:54:38Z,12067,271,54,3105.0
ziurEoqEcO4,Data Analyst Interviews | Salary Negotiation,2020-05-27T15:13:50Z,27737,858,27,337.0
rLKC--8UYSw,Data Analyst Interview Questions | What To Say vs What NOT To Say,2020-05-20T14:03:02Z,78892,1880,36,469.0
sua7xKN0cPc,SQL Interview Questions and Answers for Beginners | Data Analyst Interview Questions,2020-05-13T15:00:26Z,135292,3449,112,482.0
fweZQqB0nwQ,Data Analyst Interview Questions | Phone + In-Person Interview Questions,2020-05-06T15:20:18Z,86430,1697,62,464.0
oXAwKZWfbW0,Day in the Life of a Data Analyst | Fortune 500 Edition (During Quarantine),2020-04-23T13:08:33Z,15461,520,52,415.0
bhnrIforc7s,Intermediate SQL Tutorial | Updating/Deleting Data,2020-04-16T12:58:52Z,159376,3531,144,277.0
tYBOMw7Ob8E,Intermediate SQL Tutorial | Having Clause,2020-04-09T16:01:02Z,193645,4931,92,211.0
Twusw__OzA8,Intermediate SQL Tutorial | Case Statement | Use Cases,2020-04-02T15:16:37Z,316408,7573,440,446.0
lYKkro6rKm0,Intermediate SQL Tutorial | Unions | Union Operator,2020-03-26T16:51:37Z,275399,5255,115,325.0
9URM1_2S0ho,Intermediate SQL Tutorial | Inner/Outer Joins | Use Cases,2020-03-19T15:40:58Z,568248,9428,478,953.0
qzZU6LAtIig,Day in the Life of a Data Analyst | Fortune 500 Edition,2020-03-11T13:44:54Z,126603,2584,261,260.0
LXwfzIRD-Ds,SQL Basics Tutorial For Beginners | Group By + Order By Statements | 4/4,2020-03-03T15:06:36Z,341472,8340,236,489.0
A9TOuDZTPDU,SQL Basics Tutorial For Beginners | Where Statement | 3/4,2020-03-02T16:01:01Z,359819,6213,156,478.0
PyYgERKq25I,SQL Basics Tutorial For Beginners | Select + From Statements | 2/4,2020-03-01T17:02:28Z,525121,7514,306,374.0
RSlqWnP-Dy8,SQL Basics Tutorial For Beginners | Installing SQL Server Management Studio and Create Tables | 1/4,2020-03-01T00:50:38Z,1473237,18701,2061,577.0
9o9loJpG-t4,Data Analyst Fact Check |  84k Average Starting Salary?? | The Career Force 2020 Data Analyst Salary,2020-02-26T15:11:22Z,26065,852,162,454.0
Lacbh0VoT3g,Data Analyst Resume | Reviewing YOUR Data Analyst Resumes!,2020-02-24T16:34:51Z,27143,553,41,1070.0
oZKs2xMbXQE,Data Analyst Salary in 2020,2020-02-19T15:43:59Z,8297,159,26,224.0
N8f7NtDpbxA,Working With a Recruiter to Land Your First Job as a Data Analyst | LinkedIn Recruiters,2020-02-14T18:03:34Z,15139,645,39,360.0
wcKzdRVsMOw,Switching Careers to Become a Data Analyst | How I Made the Switch,2020-02-11T15:03:18Z,50731,1814,252,251.0
Ns-8Jsa3mEM,Data Analyst Resume | Complete Guide To Creating A Data Analyst Resume | Tips + Templates + Examples,2020-02-06T16:00:52Z,126359,3605,104,678.0
4rfr6A3lO-Y,Data Analyst Resume | Reviewing My Resume! | Fortune 500 Data Analyst,2020-01-30T14:07:55Z,81463,1764,63,453.0
OTq2NRy_AGs,Working at a Big Company Vs Small Company | Told by a Fortune 500 Data Analyst,2020-01-25T16:38:39Z,16002,428,23,350.0
ya28cb3zFGE,Data Analyst Salary | 100k with No Experience,2020-01-23T03:16:09Z,66287,2240,228,303.0
Hsi2BG0SOiQ,Truth About Big Companies | Told by a Fortune 500 Data Analyst,2020-01-21T03:52:15Z,9761,348,20,345.0
6lQzbk6_OTw,Top 3 Data Analyst Skills in 2020,2020-01-17T14:31:39Z,31093,1469,141,160.0
